{"cameraMode":{"drawMode":0,"name":"Shaded","section":"Shading Mode"},"sceneLighting":true,"audioPlay":false,"sceneViewState":{"m_AlwaysRefresh":false,"showFog":true,"showSkybox":true,"showFlares":true,"showImageEffects":true,"showParticleSystems":true,"showVisualEffectGraphs":true,"m_FxEnabled":true},"in2DMode":false,"pivot":{"x":-46.59342956542969,"y":4.392765998840332,"z":-71.80049133300781},"rotation":{"x":-0.0034115880262106659,"y":0.9137904047966003,"z":-0.0076737552881240849,"w":-0.40610334277153017},"size":44.656349182128909,"orthographic":false}