{"cameraMode":{"drawMode":0,"name":"Shaded","section":"Shading Mode"},"sceneLighting":true,"audioPlay":false,"sceneViewState":{"m_AlwaysRefresh":false,"showFog":true,"showSkybox":true,"showFlares":true,"showImageEffects":true,"showParticleSystems":true,"showVisualEffectGraphs":true,"m_FxEnabled":true},"in2DMode":false,"pivot":{"x":8.02426528930664,"y":3.4666523933410646,"z":-27.58157730102539},"rotation":{"x":-0.003241688711568713,"y":0.9924107789993286,"z":-0.11997577548027039,"w":-0.026815585792064668},"size":12.970775604248047,"orthographic":false}