{"cameraMode":{"drawMode":0,"name":"Shaded","section":"Shading Mode"},"sceneLighting":true,"audioPlay":false,"sceneViewState":{"m_AlwaysRefresh":false,"showFog":true,"showSkybox":true,"showFlares":true,"showImageEffects":true,"showParticleSystems":true,"showVisualEffectGraphs":true,"m_FxEnabled":true},"in2DMode":false,"pivot":{"x":1.1781411170959473,"y":10.448369979858399,"z":-8.955321311950684},"rotation":{"x":-0.1772162914276123,"y":0.6928847432136536,"z":-0.18195731937885285,"w":-0.6748310923576355},"size":0.08627016097307205,"orthographic":false}